{
  "hash": "998e253d",
  "configHash": "4cb6a7d7",
  "lockfileHash": "4416c2e2",
  "browserHash": "93e4389a",
  "optimized": {
    "@angular/common": {
      "src": "../../../../../node_modules/@angular/common/fesm2022/common.mjs",
      "file": "@angular_common.js",
      "fileHash": "d3e04438",
      "needsInterop": false
    },
    "@angular/core": {
      "src": "../../../../../node_modules/@angular/core/fesm2022/core.mjs",
      "file": "@angular_core.js",
      "fileHash": "c104ad48",
      "needsInterop": false
    },
    "@angular/platform-browser": {
      "src": "../../../../../node_modules/@angular/platform-browser/fesm2022/platform-browser.mjs",
      "file": "@angular_platform-browser.js",
      "fileHash": "23172158",
      "needsInterop": false
    },
    "@angular/router": {
      "src": "../../../../../node_modules/@angular/router/fesm2022/router.mjs",
      "file": "@angular_router.js",
      "fileHash": "4fea3ed6",
      "needsInterop": false
    }
  },
  "chunks": {
    "chunk-L2GVDXV4": {
      "file": "chunk-L2GVDXV4.js"
    },
    "chunk-GXUIZ3VK": {
      "file": "chunk-GXUIZ3VK.js"
    },
    "chunk-FWKUUQ7E": {
      "file": "chunk-FWKUUQ7E.js"
    }
  }
}